time,x,y,z,qx,qy,qz,qw
1762983351.1837413,-2.6524210970365885,4.96975237158723,0.0,0.00384521484375,-0.0146484375,0.9998779296875,0.00787353515625
1762983476.2814577,-2.7545171852650907,4.970828669449586,0.0,0.0062255859375,-0.06341552734375,0.9979248046875,0.00567626953125
1762983476.4070768,-2.8566043909620586,4.972552642081511,0.0,0.00384521484375,-0.02581787109375,0.9996337890625,0.008544921875
1762983476.5007482,-2.958688452719397,4.974453690154161,0.0,0.0078125,-0.0343017578125,0.99932861328125,0.00958251953125
1762983476.6628509,-3.060763829142082,4.976774719412465,0.0,0.009521484375,-0.03009033203125,0.99945068359375,0.01165771484375
1762983476.8024886,-3.1628281546462795,4.9795393365692915,0.0,0.00537109375,-0.0238037109375,0.9996337890625,0.013671875
1762983476.9210227,-3.2648896284151676,4.9824073011390135,0.0,0.0098876953125,-0.0177001953125,0.99969482421875,0.01422119140625
1762983477.1053767,-3.3669582162918537,4.985009803302293,0.0,0.00848388671875,-0.0225830078125,0.9996337890625,0.012939453125
1762983477.2850857,-3.4690316041001283,4.987416699642445,0.0,0.0078125,-0.02227783203125,0.9996337890625,0.011962890625
1762983477.4419503,-3.5711069737497514,4.989738026750686,0.0,0.0072021484375,-0.04705810546875,0.998779296875,0.01171875
1762983477.5407171,-3.6731821385866206,4.992068342647004,0.0,0.00592041015625,-0.04010009765625,0.99908447265625,0.01165771484375
1762983477.6408398,-3.7752561334079853,4.994449357106989,0.0,0.009033203125,-0.0394287109375,0.99908447265625,0.01202392578125
1762983477.7613108,-3.877332240562957,4.99673802412893,0.0,0.01104736328125,-0.03997802734375,0.99908447265625,0.01165771484375
1762983477.8808138,-3.9794048353898877,4.999178317953016,0.0,0.0067138671875,-0.03704833984375,0.99920654296875,0.01220703125
1762983477.9621468,-4.081483319356592,5.001358400453724,0.0,0.009033203125,-0.02728271484375,0.99951171875,0.01092529296875
1762983478.0630314,-4.18355734747105,5.003737987211865,0.0,0.00982666015625,-0.0250244140625,0.99957275390625,0.01190185546875
1762983478.1807292,-4.2856423255466956,5.0055891760044045,0.0,0.0069580078125,-0.03826904296875,0.99920654296875,0.00933837890625
1762983478.300697,-4.38773041616412,5.007259925159466,0.0,0.00469970703125,-0.02484130859375,0.9996337890625,0.00830078125
1762983478.3823984,-4.489823165202391,5.008616480524877,0.0,0.0064697265625,-0.0294189453125,0.99951171875,0.0068359375
1762983478.4810991,-4.591913032731679,5.0101748760148315,0.0,0.00994873046875,-0.03021240234375,0.99945068359375,0.0079345703125
1762983478.6466951,-4.694004218583505,5.011644372533526,0.0,0.0087890625,-0.0416259765625,0.99908447265625,0.007568359375
1762983478.762127,-4.796088959932224,5.013508570059495,0.0,0.0040283203125,-0.02093505859375,0.999755859375,0.00921630859375
1762983478.841322,-4.898176139497564,5.015234089414524,0.0,0.00665283203125,-0.03192138671875,0.99945068359375,0.0086669921875
1762983478.9630463,-5.000252446522706,5.017513824653466,0.0,0.00933837890625,-0.03277587890625,0.99932861328125,0.011474609375
1762983479.121256,-5.102322466749619,5.020059530749624,0.0,0.00518798828125,-0.02008056640625,0.99969482421875,0.0125732421875
1762983479.2815223,-5.204392376042356,5.022609680867405,0.0,0.00848388671875,-0.02410888671875,0.99957275390625,0.0126953125
1762983479.404556,-5.3064609433552326,5.025212989406052,0.0,0.01104736328125,-0.022705078125,0.99957275390625,0.01300048828125
1762983479.52645,-5.40852821581577,5.02786657963762,0.0,0.00836181640625,-0.02923583984375,0.99945068359375,0.01324462890625
1762983479.6610937,-5.510590231811613,5.030715182718945,0.0,0.0072021484375,-0.036376953125,0.99920654296875,0.01422119140625
1762983479.7831092,-5.61264033976586,5.033962507029389,0.0,0.00537109375,-0.02655029296875,0.99951171875,0.01605224609375
1762983479.9083242,-5.71468837599509,5.037274296637507,0.0,0.0098876953125,-0.0198974609375,0.9996337890625,0.01641845703125
1762983480.020973,-5.81673662606667,5.040579490425894,0.0,0.00927734375,-0.02459716796875,0.99951171875,0.01641845703125
1762983480.1626272,-5.918780339215131,5.04402191043591,0.0,0.005615234375,-0.0185546875,0.99969482421875,0.0169677734375
1762983480.301369,-6.0208193683559985,5.047600482866329,0.0,0.00390625,-0.02728271484375,0.99945068359375,0.01763916015625
1762983480.3820648,-6.122863361054273,5.051034606167138,0.0,0.008544921875,-0.01715087890625,0.99969482421875,0.0169677734375
1762983480.501393,-6.224911466910267,5.054344249630485,0.0,0.0089111328125,-0.0362548828125,0.9991455078125,0.01654052734375
1762983480.6077857,-6.326962167358383,5.057572900540622,0.0,0.00433349609375,-0.02606201171875,0.99951171875,0.01593017578125
1762983480.7007895,-6.429023079157492,5.06046079447655,0.0,0.00628662109375,-0.0308837890625,0.9993896484375,0.01434326171875
1762983480.7810016,-6.531094632139855,5.062944284041516,0.0,0.00775146484375,-0.0289306640625,0.99945068359375,0.01239013671875
1762983480.8820102,-6.633174898014129,5.065039270363215,0.0,0.0087890625,-0.0267333984375,0.99957275390625,0.010498046875
1762983480.9683201,-6.735255163888404,5.067134256684914,0.0,0.0087890625,-0.0267333984375,0.99957275390625,0.010498046875
1762983481.0632148,-6.837346418872748,5.068598942443767,0.0,0.007080078125,-0.02130126953125,0.99969482421875,0.00732421875
1762983481.14144,-6.939441293222606,5.069784809273295,0.0,0.00531005859375,-0.02105712890625,0.999755859375,0.00592041015625
1762983481.2224066,-7.041537504799412,5.070849342182436,0.0,0.009521484375,-0.02923583984375,0.99951171875,0.0054931640625
1762983481.3215473,-7.143632767228045,5.072001313657474,0.0,0.009765625,-0.0284423828125,0.99951171875,0.00592041015625
1762983481.4224243,-7.245729955918585,5.072967600436286,0.0,0.0037841796875,-0.0234375,0.99969482421875,0.00482177734375
1762983481.503641,-7.347829269022598,5.073674645229286,0.0,0.00665283203125,-0.020751953125,0.999755859375,0.00360107421875
1762983481.5824325,-7.449927747090135,5.07449344004077,0.0,0.01165771484375,-0.017333984375,0.999755859375,0.00421142578125
1762983481.7034018,-7.5520265564124776,5.075269831443792,0.0,0.00579833984375,-0.02825927734375,0.99957275390625,0.00396728515625
1762983481.8026383,-7.654125776844634,5.075990134016749,0.0,0.0047607421875,-0.015380859375,0.9998779296875,0.00360107421875
1762983481.8813207,-7.756226239402458,5.076505104043998,0.0,0.00982666015625,-0.0228271484375,0.99969482421875,0.00274658203125
1762983482.0015688,-7.858325564837268,5.077210365986371,0.0,0.0098876953125,-0.02716064453125,0.99957275390625,0.00372314453125
1762983482.1027837,-7.96042578059022,5.077772141610127,0.0,0.00689697265625,-0.01702880859375,0.99981689453125,0.00286865234375
1762983482.2295885,-8.062525816361456,5.078365727461685,0.0,0.0072021484375,-0.02008056640625,0.999755859375,0.0030517578125
1762983482.3247359,-8.16462665194236,5.078800494447152,0.0,0.00762939453125,-0.03277587890625,0.99945068359375,0.00238037109375
1762983482.4056745,-8.26672697765062,5.0793419174959515,0.0,0.00732421875,-0.01300048828125,0.9998779296875,0.00274658203125
1762983482.5437756,-8.36882806671875,5.079712403328773,0.0,0.00762939453125,-0.0340576171875,0.9993896484375,0.0020751953125
1762983482.6433399,-8.470927000901673,5.080472197617868,0.0,0.00518798828125,-0.0238037109375,0.99969482421875,0.00384521484375
1762983482.7424161,-8.57302525762061,5.081318143008984,0.0,0.0035400390625,-0.0191650390625,0.99981689453125,0.00421142578125
1762983482.861321,-8.675124309476452,5.082061956687929,0.0,0.00836181640625,-0.0313720703125,0.99945068359375,0.00390625
1762983482.9813108,-8.777222992094565,5.082854835175726,0.0,0.0040283203125,-0.02081298828125,0.999755859375,0.00396728515625
1762983483.1009102,-8.879321996974053,5.083605069318522,0.0,0.00341796875,-0.03179931640625,0.99945068359375,0.0037841796875
1762983483.181912,-8.98141926596663,5.084562833855194,0.0,0.00567626953125,-0.02301025390625,0.99969482421875,0.00482177734375
1762983483.2817156,-9.083515390135128,5.085635717083482,0.0,0.00762939453125,-0.023193359375,0.99969482421875,0.00543212890625
1762983483.380823,-9.185607160315296,5.087064041322014,0.0,0.00384521484375,-0.02166748046875,0.999755859375,0.007080078125
1762983483.481109,-9.287697898388528,5.08856432406647,0.0,0.00439453125,-0.02227783203125,0.99969482421875,0.0074462890625
1762983483.566853,-9.389788636461759,5.090064606810927,0.0,0.00439453125,-0.02227783203125,0.99969482421875,0.0074462890625
1762983483.6632924,-9.491878247039633,5.091639745125037,0.0,0.0084228515625,-0.01171875,0.9998779296875,0.0078125
1762983483.7812927,-9.593964486939843,5.0934199899641905,0.0,0.0045166015625,-0.01556396484375,0.99981689453125,0.0087890625
1762983483.8915389,-9.696048452801659,5.095326180556476,0.0,0.0042724609375,-0.0283203125,0.99957275390625,0.00946044921875
1762983483.9663312,-9.798131174821284,5.09729785844962,0.0,0.007568359375,-0.02227783203125,0.99969482421875,0.00982666015625
1762983484.0462623,-9.90021389684091,5.0992695363427645,0.0,0.007568359375,-0.02227783203125,0.99969482421875,0.00982666015625
1762983484.1415863,-10.002294016127568,5.101371653150272,0.0,0.00823974609375,-0.02435302734375,0.9996337890625,0.010498046875
1762983484.2214737,-10.104376185799175,5.103371724095943,0.0,0.00579833984375,-0.026123046875,0.99957275390625,0.00994873046875
1762983484.3020349,-10.206459832108616,5.105294951804713,0.0,0.003662109375,-0.0272216796875,0.99957275390625,0.009521484375
1762983484.365648,-10.308543478418056,5.107218179513483,0.0,0.003662109375,-0.0272216796875,0.99957275390625,0.009521484375
1762983484.4616559,-10.410627673716883,5.109112042983131,0.0,0.0106201171875,-0.02313232421875,0.9996337890625,0.009521484375
1762983484.5410898,-10.512707824922131,5.111212609231649,0.0,0.007568359375,-0.02734375,0.99957275390625,0.010498046875
1762983484.6045594,-10.614777138180996,5.113786505017121,0.0,0.0009765625,-0.02471923828125,0.9996337890625,0.01263427734375
1762983484.663166,-10.71684645143986,5.116360400802592,0.0,0.0009765625,-0.02471923828125,0.9996337890625,0.01263427734375
1762983484.7633755,-10.818907125033174,5.119256700913025,0.0,0.01019287109375,-0.0213623046875,0.9996337890625,0.014404296875
1762983484.8225114,-10.920962691456745,5.122327695965908,0.0,0.00457763671875,-0.02020263671875,0.99969482421875,0.01513671875
1762983484.9014056,-11.023017538294761,5.125422511876403,0.0,0.00213623046875,-0.01739501953125,0.999755859375,0.01519775390625
1762983484.9809377,-11.125081309736832,5.128207508765319,0.0,0.01165771484375,-0.01861572265625,0.9996337890625,0.01385498046875
1762983485.062042,-11.227145081178902,5.130992505654236,0.0,0.01165771484375,-0.01861572265625,0.9996337890625,0.01385498046875
1762983485.140969,-11.329195245631581,5.134238053964131,0.0,0.00775146484375,-0.02001953125,0.9996337890625,0.01605224609375
1762983485.2422662,-11.431237648537527,5.137719096599759,0.0,0.00164794921875,-0.02166748046875,0.9996337890625,0.01708984375
1762983485.3291557,-11.533286899706368,5.1409932353459356,0.0,0.0089111328125,-0.028564453125,0.99945068359375,0.01629638671875
1762983485.4212325,-11.63532774655073,5.144519596634316,0.0,0.00732421875,-0.01666259765625,0.99969482421875,0.01739501953125
1762983485.5010977,-11.737361804900445,5.148237201419381,0.0,0.00482177734375,-0.02032470703125,0.9996337890625,0.018310546875
1762983485.5813103,-11.83939365514179,5.152014923613782,0.0,0.00665283203125,-0.01654052734375,0.99969482421875,0.01861572265625
1762983485.6639745,-11.941425505383137,5.155792645808184,0.0,0.00665283203125,-0.01654052734375,0.99969482421875,0.01861572265625
1762983485.7682889,-12.043455521000983,5.159619597816358,0.0,0.009765625,-0.02423095703125,0.99945068359375,0.01898193359375
1762983485.86137,-12.145483748480551,5.163493929504275,0.0,0.005615234375,-0.02197265625,0.99957275390625,0.01910400390625
1762983485.9463642,-12.247506492070958,5.167510076779572,0.0,0.00384521484375,-0.0257568359375,0.99945068359375,0.019775390625
1762983486.0210078,-12.349523092573072,5.171679353772379,0.0,0.00762939453125,-0.01910400390625,0.99957275390625,0.02056884765625
1762983486.101044,-12.45154198049831,5.175792279148356,0.0,0.00848388671875,-0.02069091796875,0.99957275390625,0.02032470703125
1762983486.2014277,-12.553554256438133,5.180066060404821,0.0,0.0059814453125,-0.02001953125,0.99957275390625,0.02105712890625
1762983486.2842233,-12.655576383028443,5.184097850905498,0.0,0.00274658203125,-0.029052734375,0.9993896484375,0.01983642578125
1762983486.3822656,-12.757594286570887,5.188235121195799,0.0,0.0081787109375,-0.014892578125,0.9996337890625,0.0203857421875
1762983486.4667728,-12.859612190113332,5.1923723914861,0.0,0.0081787109375,-0.014892578125,0.9996337890625,0.0203857421875
1762983486.5676441,-12.961622687110982,5.196688425654518,0.0,0.00457763671875,-0.021240234375,0.99951171875,0.021240234375
1762983486.641522,-13.063633184108632,5.2010044598229355,0.0,0.00457763671875,-0.021240234375,0.99951171875,0.021240234375
1762983486.721666,-13.165641369314752,5.205374791572883,0.0,0.006591796875,-0.020751953125,0.99951171875,0.02154541015625
1762983486.8414538,-13.267652302496536,5.20968050406122,0.0,0.00927734375,-0.016357421875,0.99957275390625,0.021240234375
1762983486.943945,-13.369653916699862,5.214201604432435,0.0,0.00689697265625,-0.0186767578125,0.99957275390625,0.02227783203125
1762983487.041214,-13.47165626588728,5.218706092072419,0.0,0.00537109375,-0.016357421875,0.9996337890625,0.02215576171875
1762983487.1219094,-13.5736648946231,5.223066059054889,0.0,0.0089111328125,-0.014404296875,0.9996337890625,0.021484375
1762983487.2210743,-13.67567479239641,5.227396232830774,0.0,0.00933837890625,-0.022705078125,0.99945068359375,0.02142333984375
1762983487.321017,-13.777699116760813,5.2313720203801655,0.0,0.0048828125,-0.02349853515625,0.99951171875,0.01959228515625
1762983487.4012666,-13.879737897189163,5.234957677550868,0.0,0.005126953125,-0.02581787109375,0.99951171875,0.0177001953125
1762983487.501392,-13.981777627946215,5.238516187868261,0.0,0.009765625,-0.0213623046875,0.99957275390625,0.01763916015625
1762983487.602071,-14.083834735603274,5.241535529737957,0.0,0.00823974609375,-0.02008056640625,0.9996337890625,0.01495361328125
1762983487.702845,-14.185906918987484,5.243992973090472,0.0,0.00408935546875,-0.01226806640625,0.99981689453125,0.0120849609375
1762983487.8013995,-14.287996725330798,5.245555371706548,0.0,0.0111083984375,-0.0145263671875,0.99981689453125,0.0078125
1762983487.9031053,-14.390087146570238,5.247077061492427,0.0,0.01171875,-0.01513671875,0.99981689453125,0.00762939453125
1762983488.0733724,-14.492177780718949,5.248584399465339,0.0,0.00732421875,-0.01702880859375,0.99981689453125,0.00750732421875
1762983488.1820061,-14.59426863182032,5.250076971087834,0.0,0.0059814453125,-0.01263427734375,0.9998779296875,0.00738525390625
1762983488.302022,-14.696356616788918,5.251754163295674,0.0,0.00994873046875,-0.00885009765625,0.9998779296875,0.00830078125
1762983488.4219773,-14.798439533936287,5.253715712513493,0.0,0.0096435546875,-0.02276611328125,0.9996337890625,0.00982666015625
1762983488.5414848,-14.900523399910186,5.2556272450070045,0.0,0.01031494140625,-0.015625,0.999755859375,0.009521484375
1762983488.6420412,-15.00260515301646,5.257648465282093,0.0,0.0059814453125,-0.0184326171875,0.999755859375,0.010009765625
1762983488.724929,-15.104689621711985,5.259527534148084,0.0,0.004638671875,-0.0159912109375,0.99981689453125,0.00927734375
1762983488.8050783,-15.206775263906136,5.261341729964013,0.0,0.01080322265625,-0.0137939453125,0.99981689453125,0.009033203125
1762983488.8821018,-15.308863134515013,5.263025868674406,0.0,0.00982666015625,-0.017822265625,0.999755859375,0.0084228515625
1762983488.9813774,-15.410943514663462,5.265115279452288,0.0,0.00439453125,-0.01849365234375,0.999755859375,0.01031494140625
1762983489.0457637,-15.51302389481191,5.2672046902301695,0.0,0.00439453125,-0.01849365234375,0.999755859375,0.01031494140625
1762983489.1274302,-15.615093658085685,5.269760678079527,0.0,0.00677490234375,-0.01702880859375,0.999755859375,0.01263427734375
1762983489.2024114,-15.717093242253728,5.274327348441721,0.0,0.00762939453125,-0.01983642578125,0.99951171875,0.02252197265625
1762983489.2848504,-15.818905348982442,5.282012696326597,0.0,-0.000732421875,-0.02166748046875,0.99908447265625,0.03765869140625
1762983489.3645732,-15.920316840293566,5.293865083373286,0.0,0.00506591796875,-0.01605224609375,0.9981689453125,0.0582275390625
1762983489.4215257,-16.021728331604688,5.305717470419975,0.0,0.00506591796875,-0.01605224609375,0.9981689453125,0.0582275390625
1762983489.5252442,-16.122916169247247,5.319347993589447,0.0,0.0048828125,-0.01123046875,0.9976806640625,0.06695556640625
1762983489.6281993,-16.222538622406656,5.34171172483341,0.0,-0.01092529296875,-0.01129150390625,0.9937744140625,0.11004638671875
1762983489.7036765,-16.321417714187596,5.367161574680255,0.0,-0.00836181640625,-0.0072021484375,0.99200439453125,0.12554931640625
1762983489.8228965,-16.418355006305756,5.399222938429307,0.0,-0.005126953125,-0.0093994140625,0.98724365234375,0.15899658203125
1762983489.9435296,-16.511572772081404,5.440878883892673,0.0,-0.01226806640625,-0.00921630859375,0.9779052734375,0.20843505859375
1762983490.0213745,-16.60356258244017,5.485180626960061,0.0,-0.01214599609375,-0.00701904296875,0.974853515625,0.222412109375
1762983490.1220975,-16.69322710631558,5.534017527013678,0.0,-0.00897216796875,-0.01800537109375,0.9688720703125,0.24664306640625
1762983490.2221966,-16.779986155861458,5.587847230436104,0.0,-0.00885009765625,-0.0166015625,0.9615478515625,0.27398681640625
1762983490.321381,-16.863230045515913,5.646967654012458,0.0,-0.0238037109375,-0.013916015625,0.95245361328125,0.30340576171875
1762983490.405628,-16.942793115606452,5.710955836721601,0.0,-0.02032470703125,-0.01068115234375,0.94305419921875,0.3319091796875
1762983490.5019271,-17.01830785793294,5.779674781271231,0.0,-0.01910400390625,-0.016357421875,0.93243408203125,0.3604736328125
1762983490.6021774,-17.08894207991517,5.853401142456463,0.0,-0.02313232421875,-0.00653076171875,0.9195556640625,0.39215087890625
1762983490.702146,-17.156286482158187,5.930144227716189,0.0,-0.02362060546875,-0.0050048828125,0.9107666015625,0.41217041015625
1762983490.8214972,-17.21876209163769,6.010900452670155,0.0,-0.01995849609375,-0.00299072265625,0.89764404296875,0.44024658203125
1762983490.9048617,-17.275382104450884,6.095864820482105,0.0,-0.0269775390625,-0.00482177734375,0.8814697265625,0.471435546875
1762983491.0038524,-17.32652502907178,6.184234333946149,0.0,-0.030029296875,-0.0107421875,0.8660888671875,0.49884033203125
1762983491.1029236,-17.372395657301485,6.2754519589671,0.0,-0.0240478515625,-0.00885009765625,0.85113525390625,0.5242919921875
1762983491.2223125,-17.41172609966787,6.369674493171584,0.0,-0.0291748046875,-0.0076904296875,0.83209228515625,0.55377197265625
1762983491.3022394,-17.44421792431691,6.466468351342579,0.0,-0.0350341796875,-0.00811767578125,0.81170654296875,0.58294677734375
1762983491.4029434,-17.47146501702699,6.5648673634692205,0.0,-0.0213623046875,0.00048828125,0.79583740234375,0.60516357421875
1762983491.482511,-17.498725578122723,6.663262645151811,0.0,-0.01776123046875,-0.01141357421875,0.79583740234375,0.60516357421875
1762983491.5822523,-17.525044077381732,6.761914083283266,0.0,-0.02783203125,-0.01055908203125,0.79290771484375,0.60858154296875
1762983491.6817358,-17.549123036538838,6.861135922484931,0.0,-0.03924560546875,-0.00531005859375,0.78594970703125,0.6170654296875
1762983491.7845523,-17.573201995695943,6.960357761686597,0.0,-0.03924560546875,-0.00531005859375,0.78594970703125,0.6170654296875
1762983491.9017093,-17.58983955585976,7.061094851382726,0.0,-0.02166748046875,-0.0047607421875,0.76251220703125,0.6466064453125
1762983492.0014157,-17.60542125628342,7.162000650326879,0.0,-0.02996826171875,0.0010986328125,0.75909423828125,0.65032958984375
1762983492.1016512,-17.619589357443086,7.263114618492411,0.0,-0.03265380859375,-0.0048828125,0.7545166015625,0.65545654296875
1762983492.222469,-17.63241653135318,7.364407428000939,0.0,-0.024658203125,-0.0015869140625,0.75018310546875,0.6607666015625
1762983492.391464,-17.64076319228681,7.466167454042158,0.0,-0.03271484375,-0.00128173828125,0.73541259765625,0.6768798828125
1762983492.4813232,-17.6482297122288,7.567995842660492,0.0,-0.02880859375,-0.00225830078125,0.73248291015625,0.68017578125
1762983492.5837224,-17.65511788467986,7.669864987787636,0.0,-0.031005859375,-0.0150146484375,0.73040771484375,0.68212890625
1762983492.6822948,-17.659942196172793,7.77185271090797,0.0,-0.0318603515625,-0.00726318359375,0.72357177734375,0.689453125
1762983492.8020384,-17.663247814687487,7.873900947222401,0.0,-0.03057861328125,-0.01025390625,0.7183837890625,0.69488525390625
1762983492.934602,-17.6658172728188,7.975970372289666,0.0,-0.0257568359375,-0.0013427734375,0.7159423828125,0.69769287109375
1762983493.0433457,-17.66785354099744,8.078051826337672,0.0,-0.0235595703125,-0.00360107421875,0.714111328125,0.69964599609375
1762983493.1464484,-17.669568264311664,8.1801391878111,0.0,-0.0181884765625,-0.00286865234375,0.7130126953125,0.700927734375
1762983493.2635608,-17.670389520136183,8.282237646112494,0.0,-0.033935546875,-0.0078125,0.70989990234375,0.70343017578125
1762983493.3615632,-17.671210775960702,8.384336104413887,0.0,-0.033935546875,-0.0078125,0.70989990234375,0.70343017578125
1762983493.4426816,-17.671725390132693,8.486436568765939,0.0,-0.029296875,-0.0057373046875,0.7088623046875,0.7047119140625
1762983493.521526,-17.671885324456895,8.588538204745303,0.0,-0.02447509765625,-0.0106201171875,0.70758056640625,0.70611572265625
1762983493.622367,-17.671326714677512,8.690638437868275,0.0,-0.02545166015625,-0.00665283203125,0.70513916015625,0.70855712890625
1762983493.7217422,-17.670337550258125,8.792735407472676,0.0,-0.02801513671875,-0.00927734375,0.70361328125,0.7099609375
1762983493.8039653,-17.66840473815834,8.894818872764748,0.0,-0.01690673828125,-0.00262451171875,0.70037841796875,0.71356201171875
1762983493.907316,-17.666147107961216,8.99689567108123,0.0,-0.0177001953125,-0.0062255859375,0.69921875,0.71466064453125
1762983494.0122616,-17.66332540469657,9.098958434317078,0.0,-0.0189208984375,-0.00250244140625,0.697265625,0.716552734375
1762983494.1045303,-17.65997953881906,9.2010053589654,0.0,-0.0264892578125,-0.00872802734375,0.69537353515625,0.71807861328125
1762983494.1818547,-17.65674957137414,9.303056017752864,0.0,-0.0203857421875,-0.0146484375,0.6956787109375,0.7178955078125
1762983494.2631583,-17.65351960392922,9.405106676540328,0.0,-0.0203857421875,-0.0146484375,0.6956787109375,0.7178955078125
1762983494.3832686,-17.64969361371542,9.507136728228712,0.0,-0.0233154296875,-0.00982666015625,0.69366455078125,0.7198486328125
1762983494.4827595,-17.6458719560903,9.609166942291248,0.0,-0.01849365234375,-0.0057373046875,0.6937255859375,0.719970703125
1762983494.5817804,-17.641826821606188,9.711188540669513,0.0,-0.01446533203125,-0.010986328125,0.69287109375,0.7208251953125
1762983494.6653647,-17.637781687122075,9.813210139047778,0.0,-0.01446533203125,-0.010986328125,0.69287109375,0.7208251953125
1762983494.7693675,-17.633770600214095,9.915233081714941,0.0,-0.01324462890625,-0.00579833984375,0.69305419921875,0.72076416015625
1762983494.8620737,-17.629380640404552,10.01724042410519,0.0,-0.0255126953125,-0.01123046875,0.691650390625,0.7216796875
1762983494.9419625,-17.625067672697927,10.119251050797766,0.0,-0.02252197265625,-0.0089111328125,0.69195556640625,0.7215576171875
1762983495.0230975,-17.620499415216223,10.221250563895778,0.0,-0.0198974609375,-0.01617431640625,0.69091796875,0.72247314453125
1762983495.1026804,-17.61578781159951,10.323243556008029,0.0,-0.0201416015625,-0.01226806640625,0.69049072265625,0.72296142578125
1762983495.1831684,-17.61099996098203,10.425232997300327,0.0,-0.02252197265625,-0.01409912109375,0.690185546875,0.72314453125
1762983495.2456138,-17.606212110364552,10.527222438592625,0.0,-0.02252197265625,-0.01409912109375,0.690185546875,0.72314453125
1762983495.3247795,-17.60133706697471,10.62920774930254,0.0,-0.01556396484375,-0.0166015625,0.6898193359375,0.7236328125
1762983495.4055007,-17.596745386848767,10.73120621067462,0.0,-0.0181884765625,-0.01776123046875,0.6907958984375,0.72259521484375
1762983495.4639497,-17.592153706722822,10.8332046720467,0.0,-0.0181884765625,-0.01776123046875,0.6907958984375,0.72259521484375
1762983495.5229669,-17.587808533505886,10.935213932010516,0.0,-0.0225830078125,-0.01849365234375,0.691650390625,0.72161865234375
1762983495.6032028,-17.584712342435687,11.037268737137504,0.0,-0.0179443359375,-0.02301025390625,0.6959228515625,0.717529296875
1762983495.7037694,-17.5821879759299,11.139339287358393,0.0,-0.01239013671875,-0.01348876953125,0.69818115234375,0.71563720703125
1762983495.781811,-17.580112662202556,11.241419955075566,0.0,-0.01812744140625,-0.01824951171875,0.69964599609375,0.7139892578125
1762983495.8438547,-17.57803734847521,11.343500622792739,0.0,-0.01812744140625,-0.01824951171875,0.69964599609375,0.7139892578125
1762983495.9422,-17.576107911348007,11.445584151929534,0.0,-0.012451171875,-0.01666259765625,0.7001953125,0.71368408203125
1762983496.0451086,-17.574177491637144,11.547667662490205,0.0,-0.0126953125,-0.01654052734375,0.7001953125,0.713623046875
1762983496.1236806,-17.572474991507892,11.649755228539949,0.0,-0.01666259765625,-0.01666259765625,0.70098876953125,0.7127685546875
1762983496.2017994,-17.571309921920037,11.751850342338338,0.0,-0.01690673828125,-0.026123046875,0.70257568359375,0.7109375
1762983496.2823615,-17.57082008500148,11.853950928568016,0.0,-0.0152587890625,-0.0252685546875,0.7049560546875,0.7086181640625
1762983496.3825183,-17.570455664186046,11.956052039463637,0.0,-0.01690673828125,-0.02374267578125,0.7054443359375,0.70819091796875
1762983496.4649448,-17.570091243370612,12.058153150359258,0.0,-0.01690673828125,-0.02374267578125,0.7054443359375,0.70819091796875
1762983496.5240908,-17.570987072225982,12.160250981576736,0.0,-0.01654052734375,-0.022705078125,0.7098388671875,0.70379638671875
1762983496.623609,-17.572875117055762,12.262335284656942,0.0,-0.00958251953125,-0.0244140625,0.71319580078125,0.70050048828125
1762983496.7041385,-17.57551533433223,12.36440290391684,0.0,-0.0068359375,-0.02099609375,0.71588134765625,0.6978759765625
1762983496.8052516,-17.578807699991863,12.466451568665645,0.0,-0.01397705078125,-0.01495361328125,0.71826171875,0.69549560546875
1762983496.9031107,-17.58224449897006,12.568495471283263,0.0,-0.00982666015625,-0.01513671875,0.71875,0.695068359375
1762983496.9832213,-17.585634176557388,12.670540950039085,0.0,-0.00372314453125,-0.01861572265625,0.718505859375,0.6953125
1762983497.0884454,-17.588950213575544,12.772588848337604,0.0,-0.01934814453125,-0.0262451171875,0.718017578125,0.69525146484375
1762983497.169834,-17.59364049171101,12.874582823354086,0.0,-0.0118408203125,-0.01959228515625,0.722900390625,0.69061279296875
1762983497.244681,-17.598330769846477,12.976576798370568,0.0,-0.0118408203125,-0.01959228515625,0.722900390625,0.69061279296875
1762983497.3268805,-17.604321758869045,13.078502642488642,0.0,-0.00848388671875,-0.02850341796875,0.72698974609375,0.68597412109375
1762983497.4231002,-17.610999819764835,13.180385777262375,0.0,-0.00811767578125,-0.02667236328125,0.7293701171875,0.68353271484375
1762983497.5218074,-17.619760435331685,13.282111001585255,0.0,-0.01104736328125,-0.01654052734375,0.73663330078125,0.676025390625
1762983497.610063,-17.629165076550173,13.383778707235585,0.0,-0.00299072265625,-0.01885986328125,0.73870849609375,0.67376708984375
1762983497.7014453,-17.638698004744324,13.485434464223056,0.0,-0.0030517578125,-0.01873779296875,0.7391357421875,0.67327880859375
1762983497.8031096,-17.64792605418412,13.587118350617054,0.0,-0.00537109375,-0.0147705078125,0.73822021484375,0.67437744140625
1762983497.9022102,-17.656851531755294,13.68882924235819,0.0,-0.01544189453125,-0.0267333984375,0.73687744140625,0.67529296875
1762983497.9631665,-17.66577700932647,13.790540134099327,0.0,-0.01544189453125,-0.0267333984375,0.73687744140625,0.67529296875
1762983498.0429852,-17.677707154505036,13.891942507270121,0.0,0.0,-0.02532958984375,0.746826171875,0.66455078125
1762983498.1459606,-17.691663986898867,13.993085853458496,0.0,-0.00714111328125,-0.0245361328125,0.75347900390625,0.656982421875
1762983498.2243593,-17.70772873854657,14.093915875788893,0.0,-0.0067138671875,-0.02581787109375,0.76025390625,0.64910888671875
1762983498.282623,-17.725134813389477,14.194523023682141,0.0,-0.00787353515625,-0.02520751953125,0.76458740234375,0.64404296875
1762983498.3636699,-17.742540888232384,14.295130171575389,0.0,-0.00787353515625,-0.02520751953125,0.76458740234375,0.64404296875
1762983498.4621487,-17.76341416329294,14.3950755368351,0.0,-0.00311279296875,-0.02581787109375,0.77557373046875,0.6307373046875
1762983498.5421975,-17.78654994826177,14.49452152771722,0.0,-0.00335693359375,-0.02490234375,0.78271484375,0.62188720703125
1762983498.604191,-17.810136115548,14.593861662413104,0.0,-0.0040283203125,-0.0162353515625,0.78436279296875,0.62005615234375
1762983498.6867864,-17.834346300380925,14.693051564111848,0.0,-0.00299072265625,-0.020751953125,0.78619384765625,0.61761474609375
1762983498.763046,-17.858587912287472,14.792233789842182,0.0,-0.00579833984375,-0.0277099609375,0.78607177734375,0.61749267578125
1762983498.8447447,-17.88282952419402,14.891416015572517,0.0,-0.00579833984375,-0.0277099609375,0.78607177734375,0.61749267578125
1762983498.905905,-17.90794516084193,14.99038052660764,0.0,-0.0050048828125,-0.02325439453125,0.7889404296875,0.614013671875
1762983498.991212,-17.935029394493885,15.088824490039315,0.0,-0.00164794921875,-0.02423095703125,0.79498291015625,0.60614013671875
1762983499.0643897,-17.96337886986575,15.18691157835776,0.0,-0.00177001953125,-0.023681640625,0.79888916015625,0.60101318359375
1762983499.1451502,-17.991728345237615,15.284998666676206,0.0,-0.00177001953125,-0.023681640625,0.79888916015625,0.60101318359375
1762983499.2059813,-18.02153830083962,15.382651808948522,0.0,-0.00103759765625,-0.01739501953125,0.80352783203125,0.59503173828125
1762983499.2909684,-18.051919055879466,15.480128879954268,0.0,0.00274658203125,-0.01776123046875,0.80523681640625,0.5926513671875
1762983499.363563,-18.082299810919313,15.577605950960015,0.0,0.00274658203125,-0.01776123046875,0.80523681640625,0.5926513671875
1762983499.4446518,-18.114248032964813,15.674580590721048,0.0,0.00372314453125,-0.01751708984375,0.80999755859375,0.586181640625
1762983499.5049007,-18.147438857278456,15.771136993046484,0.0,-0.0078125,-0.02581787109375,0.81353759765625,0.58087158203125
1762983499.583614,-18.183441773447573,15.866680489298036,0.0,0.0015869140625,-0.029541015625,0.82177734375,0.56903076171875
1762983499.6715462,-18.21944468961669,15.962223985549587,0.0,0.0015869140625,-0.029541015625,0.82177734375,0.56903076171875
1762983499.742082,-18.256275736670396,16.057451311573047,0.0,0.0013427734375,-0.0302734375,0.82421875,0.56549072265625
1762983499.804705,-18.293645204017977,16.15246863924968,0.0,0.00311279296875,-0.0235595703125,0.8260498046875,0.5631103515625
1762983499.884093,-18.333287111535068,16.2465605561026,0.0,0.00543212890625,-0.03497314453125,0.832275390625,0.55322265625
1762983499.9633682,-18.372929019052158,16.340652472955522,0.0,0.00543212890625,-0.03497314453125,0.832275390625,0.55322265625
1762983500.0426865,-18.413419045591933,16.434382550302438,0.0,0.0076904296875,-0.03680419921875,0.83465576171875,0.54949951171875
1762983500.1076531,-18.456244393452597,16.52706889896967,0.0,0.003173828125,-0.0322265625,0.84173583984375,0.5389404296875
1762983500.18422,-18.500113069450062,16.619266018853537,0.0,0.005126953125,-0.0264892578125,0.844970703125,0.53411865234375
1762983500.2640998,-18.543981745447528,16.711463138737404,0.0,0.005126953125,-0.0264892578125,0.844970703125,0.53411865234375
1762983500.3415127,-18.587856850632782,16.803657199249095,0.0,0.0067138671875,-0.0283203125,0.84490966796875,0.53411865234375
1762983500.4032958,-18.63236032483944,16.895549584310036,0.0,0.0029296875,-0.034423828125,0.84649658203125,0.53125
1762983500.4820838,-18.677845297983485,16.986960124548766,0.0,0.00665283203125,-0.035400390625,0.8492431640625,0.5267333984375
1762983500.5622737,-18.72333027112753,17.078370664787496,0.0,0.00665283203125,-0.035400390625,0.8492431640625,0.5267333984375
1762983500.6429503,-18.769730045570213,17.16932026940631,0.0,0.010009765625,-0.03387451171875,0.8519287109375,0.52252197265625
1762983500.7222517,-18.81669571559351,17.25997894515173,0.0,0.00726318359375,-0.03350830078125,0.85357666015625,0.519775390625
1762983500.8033812,-18.864018983886922,17.35045147096305,0.0,0.012451171875,-0.0322265625,0.8546142578125,0.51812744140625
1762983500.9222658,-18.911404846518828,17.440891228101606,0.0,0.0113525390625,-0.0323486328125,0.85479736328125,0.517822265625
1762983501.0216756,-18.959080604295487,17.531178501673644,0.0,0.01092529296875,-0.0345458984375,0.85552978515625,0.5164794921875
1762983501.124562,-19.0068580279186,17.621412017844676,0.0,0.00970458984375,-0.03167724609375,0.85595703125,0.51593017578125
1762983501.2230701,-19.05492588463281,17.711491154161322,0.0,0.01251220703125,-0.031982421875,0.85675048828125,0.51458740234375
1762983501.3421597,-19.10275521715212,17.801697166152806,0.0,0.005615234375,-0.04315185546875,0.8555908203125,0.515869140625
1762983501.4576938,-19.150300253696546,17.892053345513375,0.0,0.00689697265625,-0.03533935546875,0.85516357421875,0.51708984375
1762983501.5258439,-19.197608718224558,17.982533613155844,0.0,0.0042724609375,-0.03729248046875,0.85443115234375,0.51824951171875
1762983501.6038678,-19.244461027972996,18.073250925284714,0.0,0.00830078125,-0.036865234375,0.85308837890625,0.5203857421875
1762983501.7045298,-19.290590764013235,18.164337790976255,0.0,0.00579833984375,-0.03375244140625,0.8511962890625,0.52374267578125
1762983501.8037307,-19.336174567483482,18.255699087540155,0.0,0.001708984375,-0.0294189453125,0.849853515625,0.5262451171875
1762983501.8637424,-19.38175837095373,18.347060384104054,0.0,0.001708984375,-0.0294189453125,0.849853515625,0.5262451171875
1762983501.9434264,-19.426604837493688,18.438785866318817,0.0,0.0001220703125,-0.028076171875,0.8477783203125,0.52960205078125
1762983502.0300796,-19.470766580932228,18.530842968516957,0.0,-0.00408935546875,-0.02642822265625,0.84588623046875,0.53271484375
1762983502.110229,-19.511126766776314,18.62462902850074,0.0,-0.013671875,-0.01947021484375,0.83502197265625,0.5496826171875
1762983502.1933424,-19.545772160619677,18.720673113868287,0.0,-0.011474609375,-0.015869140625,0.81817626953125,0.57464599609375
1762983502.263778,-19.58041755446304,18.816717199235836,0.0,-0.011474609375,-0.015869140625,0.81817626953125,0.57464599609375
1762983502.3441772,-19.613300801156175,18.913378782791916,0.0,-0.01123046875,-0.0172119140625,0.8128662109375,0.5821533203125
1762983502.423346,-19.64365918881379,19.010862822241872,0.0,-0.0015869140625,-0.0074462890625,0.80535888671875,0.59271240234375
1762983502.4826708,-19.67270237464182,19.10874674842799,0.0,-0.00262451171875,-0.0135498046875,0.80126953125,0.59814453125
1762983502.546423,-19.70174556046985,19.206630674614107,0.0,-0.00262451171875,-0.0135498046875,0.80126953125,0.59814453125
1762983502.6454747,-19.727451404738453,19.30544352407757,0.0,-0.00726318359375,-0.008544921875,0.79107666015625,0.611572265625
1762983502.7085633,-19.747278754984556,19.405601628247272,0.0,-0.01617431640625,-0.01434326171875,0.7725830078125,0.634521484375
1762983502.7633097,-19.76710610523066,19.505759732416973,0.0,-0.01617431640625,-0.01434326171875,0.7725830078125,0.634521484375
1762983502.846274,-19.780697309227705,19.606952858777223,0.0,-0.01556396484375,-0.0106201171875,0.75262451171875,0.658203125
1762983502.922511,-19.78860695106889,19.708747786030965,0.0,-0.01483154296875,-0.01531982421875,0.73382568359375,0.67901611328125
1762983502.9830663,-19.788765243687735,19.810849424568737,0.0,-0.02301025390625,-0.0042724609375,0.7076416015625,0.7061767578125
1762983503.0658178,-19.78892353630658,19.912951063106508,0.0,-0.02301025390625,-0.0042724609375,0.7076416015625,0.7061767578125
1762983503.1242914,-19.782332999567352,20.014839897009637,0.0,-0.02008056640625,-0.00384521484375,0.68389892578125,0.72930908203125
1762983503.1846516,-19.773986806895138,20.11659996145797,0.0,-0.0130615234375,-0.0072021484375,0.67755126953125,0.7353515625
1762983503.267688,-19.765640614222924,20.2183600259063,0.0,-0.0130615234375,-0.0072021484375,0.67755126953125,0.7353515625
1762983503.326819,-19.753807705191928,20.31977379179888,0.0,-0.025634765625,-0.010498046875,0.664794921875,0.74652099609375
1762983503.3858356,-19.73538799219458,20.4202003013556,0.0,-0.0260009765625,0.0015869140625,0.64019775390625,0.76776123046875
1762983503.4650264,-19.71696827919723,20.52062681091232,0.0,-0.0260009765625,0.0015869140625,0.64019775390625,0.76776123046875
1762983503.522263,-19.689931824290866,20.619083906922445,0.0,-0.0380859375,0.00738525390625,0.6064453125,0.79412841796875
1762983503.6030307,-19.654940022280297,20.71500232768042,0.0,-0.03424072265625,0.00830078125,0.57342529296875,0.8184814453125
1762983503.6620939,-19.619948220269727,20.810920748438395,0.0,-0.03424072265625,0.00830078125,0.57342529296875,0.8184814453125
1762983503.743261,-19.58097121298114,20.90529003661774,0.0,-0.03448486328125,0.005859375,0.55615234375,0.83038330078125
1762983503.8223205,-19.536913605969247,20.997397022851338,0.0,-0.01971435546875,0.00213623046875,0.533203125,0.84576416015625
1762983503.882349,-19.492088776912162,21.089133080912788,0.0,-0.0203857421875,-0.005615234375,0.52960205078125,0.84796142578125
1762983503.9434094,-19.447263947855078,21.180869138974238,0.0,-0.0203857421875,-0.005615234375,0.52960205078125,0.84796142578125
1762983504.021796,-19.401839506238723,21.272309774101586,0.0,-0.02618408203125,0.0010986328125,0.52691650390625,0.84954833984375
1762983504.082147,-19.35832034607303,21.364672387463937,0.0,-0.02264404296875,-0.00677490234375,0.53558349609375,0.84417724609375
1762983504.1626596,-19.314801185907335,21.457035000826288,0.0,-0.02264404296875,-0.00677490234375,0.53558349609375,0.84417724609375
1762983504.221791,-19.274968771235137,21.5510464277383,0.0,-0.02215576171875,-0.0098876953125,0.5521240234375,0.83343505859375
1762983504.3024042,-19.236303412807764,21.645543833556307,0.0,-0.02423095703125,-0.0047607421875,0.557373046875,0.82989501953125
1762983504.3845496,-19.200116450084636,21.741017774385863,0.0,-0.01605224609375,0.00140380859375,0.56817626953125,0.82275390625
1762983504.4426727,-19.163929487361507,21.83649171521542,0.0,-0.01605224609375,0.00140380859375,0.56817626953125,0.82275390625
1762983504.5021474,-19.127563836864244,21.931897737627853,0.0,-0.0186767578125,-0.00341796875,0.5673828125,0.8232421875
1762983504.5840518,-19.095197205547798,22.028733530730797,0.0,-0.02166748046875,-0.01312255859375,0.584228515625,0.81121826171875
1762983504.6725361,-19.062830574231352,22.12556932383374,0.0,-0.02166748046875,-0.01312255859375,0.584228515625,0.81121826171875
1762983504.7245615,-19.036950679413824,22.224336730871105,0.0,-0.00714111328125,-0.01983642578125,0.61065673828125,0.7916259765625
1762983504.8028302,-19.013641716802873,22.323742273526694,0.0,-0.01025390625,-0.01617431640625,0.6209716796875,0.7835693359375
1762983504.8861566,-18.99131810797765,22.423373725075233,0.0,-0.01708984375,0.00439453125,0.62506103515625,0.7803955078125
1762983504.9460123,-18.96899449915243,22.523005176623773,0.0,-0.01708984375,0.00439453125,0.62506103515625,0.7803955078125
1762983505.0227137,-18.950625211049616,22.62344092177084,0.0,-0.009033203125,-0.010498046875,0.6402587890625,0.76806640625
1762983505.0894918,-18.93652668212994,22.724564614004418,0.0,-0.008056640625,-0.02362060546875,0.65606689453125,0.7542724609375
1762983505.181909,-18.926399606498197,22.826162901331514,0.0,-0.0125732421875,-0.0118408203125,0.6710205078125,0.7412109375
1762983505.2641356,-18.916272530866454,22.927761188658614,0.0,-0.0125732421875,-0.0118408203125,0.6710205078125,0.7412109375
1762983505.3456333,-18.907792528802222,23.029510189703544,0.0,-0.01251220703125,-0.0076904296875,0.67706298828125,0.73577880859375
1762983505.4228764,-18.899320143799695,23.131259825285298,0.0,-0.00726318359375,-0.009765625,0.67706298828125,0.73583984375
1762983505.5271795,-18.89296181620737,23.23316341363664,0.0,-0.0130615234375,-0.02374267578125,0.684326171875,0.72869873046875
1762983505.6461134,-18.888842432373615,23.33518204098224,0.0,-0.00750732421875,-0.013427734375,0.69256591796875,0.72119140625
1762983505.7444582,-18.888862627056692,23.43728380022676,0.0,0.00555419921875,-0.01092529296875,0.70709228515625,0.70697021484375
1762983505.822228,-18.8899104363027,23.53938018480738,0.0,0.008056640625,-0.0067138671875,0.710693359375,0.70343017578125
1762983505.9418945,-18.893978459641488,23.64140087307582,0.0,-0.00372314453125,-0.01812744140625,0.7208251953125,0.69287109375
1762983506.0420525,-18.901404028949855,23.743232256102356,0.0,-0.00177001953125,-0.01361083984375,0.73223876953125,0.680908203125
1762983506.1234653,-18.913254133504903,23.84464401415183,0.0,-0.0001220703125,-0.02484130859375,0.74658203125,0.66485595703125
1762983506.2042534,-18.926276807162665,23.945911874894783,0.0,-0.00115966796875,-0.0185546875,0.7506103515625,0.6605224609375
1762983506.3058817,-18.94062203108567,24.04700086637877,0.0,-0.0025634765625,-0.02532958984375,0.75469970703125,0.655517578125
1762983506.3850007,-18.961261749231852,24.146994724607648,0.0,0.00653076171875,-0.02081298828125,0.77496337890625,0.631591796875
1762983506.482036,-18.982079316017092,24.246951708164538,0.0,0.00634765625,-0.01690673828125,0.775634765625,0.63092041015625
1762983506.5671992,-19.002896882802332,24.346908691721428,0.0,0.00634765625,-0.01690673828125,0.775634765625,0.63092041015625
1762983506.665523,-19.02524206066018,24.446535308020245,0.0,0.00811767578125,-0.018310546875,0.7803955078125,0.62493896484375
1762983506.744985,-19.050245022948733,24.545528345782746,0.0,0.0003662109375,-0.02850341796875,0.78839111328125,0.61456298828125
1762983506.843443,-19.077651179246004,24.643883174061077,0.0,0.00616455078125,-0.0272216796875,0.79583740234375,0.60491943359375
1762983506.924586,-19.109690744633617,24.74082767312329,0.0,0.01287841796875,-0.0279541015625,0.80987548828125,0.5858154296875
1762983507.0433457,-19.143047941050934,24.837326725428625,0.0,-6.103515625e-05,-0.01947021484375,0.814208984375,0.58026123046875
1762983507.143065,-19.176542175421464,24.933778298316696,0.0,-0.00189208984375,-0.01898193359375,0.81463623046875,0.57965087890625
1762983507.223315,-19.210160093103898,25.03018683144187,0.0,0.00128173828125,-0.033935546875,0.814453125,0.5792236328125
1762983507.3423347,-19.246515890733928,25.125596608861876,0.0,0.01043701171875,-0.03497314453125,0.822509765625,0.56756591796875
1762983507.4234617,-19.28559202511912,25.219924893963224,0.0,0.00054931640625,-0.0211181640625,0.8311767578125,0.55560302734375
1762983507.5278661,-19.32499215213303,25.31411831008101,0.0,-0.00579833984375,-0.03173828125,0.831787109375,0.55413818359375
1762983507.6044881,-19.36630240607402,25.40748978628216,0.0,0.0040283203125,-0.0283203125,0.83746337890625,0.54571533203125
1762983507.7046056,-19.409589236053254,25.499961511685115,0.0,0.0059814453125,-0.02996826171875,0.8431396484375,0.53680419921875
1762983507.8022501,-19.455007742034585,25.591405095183763,0.0,-0.00079345703125,-0.028564453125,0.84942626953125,0.5269775390625
1762983507.9059465,-19.503411229669723,25.681304327846817,0.0,0.0040283203125,-0.02032470703125,0.85821533203125,0.51287841796875
1762983507.985128,-19.551861640619983,25.77117828028801,0.0,0.00439453125,-0.02294921875,0.8582763671875,0.5126953125
1762983508.0866542,-19.600732354744046,25.860824378639553,0.0,0.00372314453125,-0.02178955078125,0.8594970703125,0.5106201171875
1762983508.2253168,-19.650278384336797,25.95009901445648,0.0,0.00347900390625,-0.02288818359375,0.86138916015625,0.50738525390625
1762983508.32314,-19.702246158196644,26.03798598805725,0.0,0.00299072265625,-0.0257568359375,0.8681640625,0.49560546875
1762983508.4223938,-19.755536005993665,26.125077674057817,0.0,0.00372314453125,-0.02899169921875,0.87176513671875,0.48907470703125
1762983508.5656462,-19.811578383110948,26.21042415386627,0.0,0.0081787109375,-0.02239990234375,0.879638671875,0.47503662109375
1762983508.7224834,-19.867333404391257,26.295958633759955,0.0,0.00396728515625,-0.0233154296875,0.87884521484375,0.47650146484375
1762983508.8426557,-19.923149206690397,26.38145346320802,0.0,0.0008544921875,-0.0289306640625,0.87884521484375,0.4761962890625
1762983508.9481196,-19.97753818626664,26.467863002897257,0.0,-0.00396728515625,-0.03082275390625,0.87481689453125,0.4833984375
1762983509.0437276,-20.029931156380176,26.55549716479393,0.0,-0.0009765625,-0.0260009765625,0.869384765625,0.49346923828125
1762983509.1642766,-20.079123789744635,26.644967017098047,0.0,6.103515625e-05,-0.02484130859375,0.8603515625,0.50909423828125
1762983509.2868917,-20.118412959597478,26.73920676869431,0.0,-0.00518798828125,-0.01806640625,0.8319091796875,0.55462646484375
1762983509.38684,-20.154063682726246,26.834882238847566,0.0,0.0028076171875,-0.01214599609375,0.82122802734375,0.57049560546875
1762983509.507216,-20.178452521939658,26.93402836419028,0.0,-0.00421142578125,-0.00909423828125,0.7869873046875,0.61688232421875
1762983509.645192,-20.199311444675732,27.033976725812373,0.0,-0.0050048828125,-0.008056640625,0.77593994140625,0.6307373046875
1762983509.7631755,-20.210426796927926,27.135471644862346,0.0,-0.0025634765625,-0.00732421875,0.74456787109375,0.66754150390625
1762983509.8824644,-20.213825773883762,27.23751681429385,0.0,-0.00787353515625,-0.0147705078125,0.7186279296875,0.6951904296875
1762983509.9844384,-20.21598067527473,27.339595832944337,0.0,-0.01934814453125,-0.029296875,0.71392822265625,0.6993408203125
1762983510.0827444,-20.217199802285982,27.44169031554737,0.0,-0.00775146484375,-0.01019287109375,0.71124267578125,0.70281982421875
1762983510.1849332,-20.218311305740475,27.543786026567574,0.0,-0.0113525390625,-0.0189208984375,0.710693359375,0.70318603515625
1762983510.2683473,-20.219422809194967,27.64588173758778,0.0,-0.0113525390625,-0.0189208984375,0.710693359375,0.70318603515625
1762983510.3437228,-20.21995730038048,27.747982099819374,0.0,-0.0107421875,-0.0174560546875,0.708740234375,0.7052001953125
1762983510.4431167,-20.219677749434613,27.850083478360112,0.0,-0.013427734375,-0.0142822265625,0.70599365234375,0.70794677734375
1762983510.5269053,-20.216682812952406,27.952141305125718,0.0,-0.01849365234375,-0.01324462890625,0.696533203125,0.7171630859375
1762983510.5823257,-20.208232090670503,28.053892742174856,0.0,-0.0177001953125,-0.01092529296875,0.6771240234375,0.735595703125
1762983510.6668155,-20.1997813683886,28.155644179223994,0.0,-0.0177001953125,-0.01092529296875,0.6771240234375,0.735595703125
1762983510.747522,-20.184492369153844,28.256594742130055,0.0,-0.02447509765625,-0.00189208984375,0.65203857421875,0.7578125
1762983510.8296812,-20.160482057238156,28.355833215366808,0.0,-0.028564453125,0.0020751953125,0.61846923828125,0.7852783203125
1762983510.90653,-20.131855833873356,28.453839893631706,0.0,-0.02642822265625,0.0020751953125,0.59991455078125,0.79962158203125
1762983510.9854863,-20.089276540227747,28.546639534801763,0.0,-0.03546142578125,0.01055908203125,0.54010009765625,0.84075927734375
1762983511.064559,-20.046697246582138,28.63943917597182,0.0,-0.03546142578125,0.01055908203125,0.54010009765625,0.84075927734375
1762983511.1273983,-19.995145236316358,28.72757066799486,0.0,-0.03240966796875,0.00787353515625,0.49774169921875,0.86669921875
1762983511.2056882,-19.933962422130485,28.80931070039605,0.0,-0.03497314453125,0.0096435546875,0.44793701171875,0.893310546875
1762983511.2835658,-19.86832372584784,28.88751767706032,0.0,-0.0321044921875,0.02227783203125,0.4228515625,0.90533447265625
1762983511.3826818,-19.793502621532806,28.956991211573325,0.0,-0.0377197265625,0.0272216796875,0.36602783203125,0.929443359375
1762983511.464725,-19.71868151721777,29.02646474608633,0.0,-0.0377197265625,0.0272216796875,0.36602783203125,0.929443359375
1762983511.546561,-19.632602126694003,29.081374746775708,0.0,-0.03179931640625,0.02911376953125,0.2806396484375,0.9588623046875
1762983511.6441393,-19.540912158781918,29.126293778743587,0.0,-0.0321044921875,0.0279541015625,0.2264404296875,0.97308349609375
1762983511.7858248,-19.44304999012061,29.15541019324738,0.0,-0.03192138671875,0.031494140625,0.1448974609375,0.98846435546875
1762983511.9028852,-19.342102430471314,29.170719009318603,0.0,-0.027099609375,0.0250244140625,0.0758056640625,0.9964599609375
1762983512.0302303,-19.240188619925576,29.176911332686945,0.0,-0.0255126953125,0.02716064453125,0.031005859375,0.99884033203125
1762983512.185256,-19.138559764388788,29.16709576490239,0.0,-0.02069091796875,0.03582763671875,-0.04730224609375,0.998046875
1762983512.3848462,-19.039058070597942,29.144200730912385,0.0,-0.02301025390625,0.0296630859375,-0.112060546875,0.99298095703125
1762983512.545821,-18.940914379876066,29.116047833723293,0.0,-0.02117919921875,0.02728271484375,-0.1385498046875,0.98974609375
1762983512.6823237,-18.84719521536047,29.0755325544925,0.0,-0.03106689453125,0.04559326171875,-0.2008056640625,0.97808837890625
1762983512.8045795,-18.757646940730407,29.02648282300058,0.0,-0.0299072265625,0.04412841796875,-0.2462158203125,0.9677734375
1762983512.929436,-18.672983177355505,28.969414295598437,0.0,-0.03045654296875,0.04107666015625,-0.2906494140625,0.9554443359375
1762983513.0221598,-18.595015639504,28.903491365672465,0.0,-0.027587890625,0.0494384765625,-0.34173583984375,0.9381103515625
1762983513.1258712,-18.52089485266249,28.833271150587017,0.0,-0.02996826171875,0.05389404296875,-0.36773681640625,0.9278564453125
1762983513.2113223,-18.455889410976948,28.754537027108576,0.0,-0.02587890625,0.0467529296875,-0.42437744140625,0.9039306640625
1762983513.3261833,-18.39708477571393,28.671069760948516,0.0,-0.0281982421875,0.0447998046875,-0.458740234375,0.886962890625
1762983513.405438,-18.34058558215063,28.586025003465487,0.0,-0.0252685546875,0.041015625,-0.47113037109375,0.8807373046875
1762983513.4821546,-18.28470127505006,28.500574936943924,0.0,-0.04193115234375,0.0391845703125,-0.4742431640625,0.8785400390625
1762983513.5670123,-18.22881696794949,28.41512487042236,0.0,-0.04193115234375,0.0391845703125,-0.4742431640625,0.8785400390625
1762983513.6627796,-18.17954985675083,28.32569600817538,0.0,-0.02630615234375,0.0469970703125,-0.5068359375,0.8603515625
1762983513.7463527,-18.135441440505076,28.233613342787468,0.0,-0.02789306640625,0.05303955078125,-0.5306396484375,0.845458984375
1762983513.8422418,-18.096342056503474,28.1392946923553,0.0,-0.03143310546875,0.04400634765625,-0.5538330078125,0.83087158203125
1762983513.9225128,-18.060685128816633,28.043621534381987,0.0,-0.02996826171875,0.0438232421875,-0.56884765625,0.82073974609375
1762983514.0045905,-18.030038682328527,27.9462276692451,0.0,-0.0286865234375,0.03961181640625,-0.59027099609375,0.80572509765625
1762983514.084128,-18.00048096979076,27.84849788218821,0.0,-0.0372314453125,0.04168701171875,-0.5946044921875,0.80206298828125
1762983514.182997,-17.979912360951587,27.748489372654912,0.0,-0.02496337890625,0.0537109375,-0.62969970703125,0.77459716796875
1762983514.2662766,-17.959343752112414,27.648480863121616,0.0,-0.02496337890625,0.0537109375,-0.62969970703125,0.77459716796875
1762983514.3919873,-17.945839543804748,27.547276090474107,0.0,-0.02777099609375,0.03814697265625,-0.6575927734375,0.75189208984375
1762983514.4823718,-17.931763136264237,27.446149316574193,0.0,-0.03472900390625,0.01824951171875,-0.65631103515625,0.75347900390625
1762983514.5635653,-17.917686728723726,27.34502254267428,0.0,-0.03472900390625,0.01824951171875,-0.65631103515625,0.75347900390625
1762983514.6617827,-17.90202300419605,27.244129443888625,0.0,-0.03619384765625,0.046142578125,-0.64898681640625,0.758544921875
1762983514.7845514,-17.878448513278514,27.144786537616312,0.0,-0.03387451171875,0.0277099609375,-0.6195068359375,0.78375244140625
1762983514.8835258,-17.856212597145408,27.045135478001413,0.0,-0.02490234375,0.036865234375,-0.62432861328125,0.7799072265625
1762983514.9847398,-17.83121713036911,26.946140547377237,0.0,-0.0291748046875,0.036865234375,-0.6134033203125,0.78839111328125
1762983515.0828905,-17.803873780964196,26.847768239831,0.0,-0.02496337890625,0.02490234375,-0.60455322265625,0.7957763671875
1762983515.204024,-17.770161469171327,26.751392674036392,0.0,-0.010009765625,0.02288818359375,-0.57830810546875,0.8154296875
1762983515.330688,-17.73538853031633,26.655394692953262,0.0,-0.00726318359375,0.0218505859375,-0.5738525390625,0.818603515625
1762983515.4247043,-17.70021411393809,26.559543088474772,0.0,-0.010009765625,0.01434326171875,-0.57232666015625,0.81982421875
1762983515.5228958,-17.66541328456879,26.463555214637193,0.0,-0.0157470703125,0.01898193359375,-0.57379150390625,0.818603515625
1762983515.626906,-17.627459588633524,26.36876973783033,0.0,-0.0216064453125,0.02667236328125,-0.55987548828125,0.827880859375
1762983515.7247074,-17.585757430244247,26.275572636832894,0.0,-0.02294921875,0.0130615234375,-0.543701171875,0.8388671875
1762983515.8048294,-17.540147623987323,26.184224318721085,0.0,-0.0289306640625,0.01318359375,-0.52581787109375,0.8499755859375
1762983515.8825145,-17.490554133365144,26.09497603954127,0.0,-0.02813720703125,0.01385498046875,-0.50689697265625,0.8614501953125
1762983515.9626298,-17.440960642742965,26.005727760361452,0.0,-0.02813720703125,0.01385498046875,-0.50689697265625,0.8614501953125
1762983516.062461,-17.385905816312164,25.91974092569867,0.0,-0.033203125,0.0123291015625,-0.4798583984375,0.8765869140625
1762983516.1226792,-17.325306000841675,25.837567742642435,0.0,-0.02978515625,0.01153564453125,-0.45068359375,0.89208984375
1762983516.2027617,-17.258473693622253,25.760378285069656,0.0,-0.02703857421875,-0.0067138671875,-0.415771484375,0.9090576171875
1762983516.3243759,-17.185249045059408,25.689224082864175,0.0,-0.02764892578125,-0.00885009765625,-0.37628173828125,0.926025390625
1762983516.4106326,-17.105922074060405,25.624943437870726,0.0,-0.02679443359375,-0.00628662109375,-0.33416748046875,0.94207763671875
1762983516.504596,-17.02132239542146,25.567779952822683,0.0,-0.02655029296875,-0.01165771484375,-0.29302978515625,0.9556884765625
1762983516.6234117,-16.93234925141324,25.517694532848974,0.0,-0.02783203125,-0.01470947265625,-0.25390625,0.96673583984375
1762983516.7635999,-16.840021406815506,25.47410165773632,0.0,-0.02313232421875,-0.01422119140625,-0.21905517578125,0.975341796875
1762983516.8834121,-16.74475109748891,25.437381938109603,0.0,-0.03363037109375,-0.00799560546875,-0.1832275390625,0.98248291015625
1762983516.983352,-16.648075834926328,25.404538928851824,0.0,-0.05419921875,-0.00665283203125,-0.16357421875,0.9849853515625
1762983517.0831492,-16.550434099745377,25.37469163082497,0.0,-0.03564453125,-0.01446533203125,-0.1483154296875,0.98822021484375
1762983517.203122,-16.45041127512567,25.35419274783721,0.0,-0.04095458984375,-0.0262451171875,-0.1019287109375,0.99359130859375
1762983517.3231459,-16.349665574605638,25.33760740866738,0.0,-0.0323486328125,-0.0189208984375,-0.08209228515625,0.99591064453125
1762983517.4224045,-16.24861573246797,25.322988959618208,0.0,-0.0380859375,-0.01214599609375,-0.072265625,0.99658203125
1762983517.5858424,-16.147574777253496,25.308309211050975,0.0,-0.0322265625,-0.01953125,-0.07269287109375,0.99664306640625
1762983517.8227744,-16.046682706958904,25.292638863246225,0.0,-0.03326416015625,-0.0206298828125,-0.07763671875,0.9962158203125
